url,title,wordCount
"https://www.lazco.tw/","拉資科科技有限公司",82
"https://www.lazco.tw/about","拉資科科技有限公司",153
"https://www.lazco.tw/contact","拉資科科技有限公司",78
"https://www.lazco.tw/#","拉資科科技有限公司",82
"https://www.lazco.tw/terms-of-service","拉資科科技有限公司",126
"https://www.lazco.tw/privacy-policy","拉資科科技有限公司",177
"https://www.lazco.tw/about#","拉資科科技有限公司",153
"https://www.lazco.tw/contact#","拉資科科技有限公司",78
"https://www.lazco.tw/terms-of-service#","拉資科科技有限公司",126
"https://www.lazco.tw/privacy-policy#","拉資科科技有限公司",177
